"","fileName","answer","guess1","guess2","guess3","guess4","guess5","confidence1","confidence2","confidence3","confidence4","confidence5"
"1"," b'/Users/mikeytabak/MLWIC_examples/images/CA-01_0006501.jpg'",25,11,25,20,13,15,1,0,0,0,0
"2"," b'/Users/mikeytabak/MLWIC_examples/images/CA-01_0006502.jpg'",25,11,25,20,24,13,0.9999,1e-04,0,0,0
"3"," b'/Users/mikeytabak/MLWIC_examples/images/CA-01_0006503.jpg'",11,11,25,20,13,24,1,0,0,0,0
"4"," b'/Users/mikeytabak/MLWIC_examples/images/CA-01_0006504.jpg'",25,11,25,20,13,15,1,0,0,0,0
"5"," b'/Users/mikeytabak/MLWIC_examples/images/CA-01_0006505.jpg'",11,11,25,20,13,15,1,0,0,0,0
"6"," b'/Users/mikeytabak/MLWIC_examples/images/CA-01_0006506.jpg'",11,11,25,20,13,15,1,0,0,0,0
"7"," b'/Users/mikeytabak/MLWIC_examples/images/CA-01_0006507.jpg'",25,11,25,13,20,24,0.9999,1e-04,0,0,0
"8"," b'/Users/mikeytabak/MLWIC_examples/images/CA-01_0006508.jpg'",25,11,25,13,20,24,1,0,0,0,0
"9"," b'/Users/mikeytabak/MLWIC_examples/images/CA-01_0006509.jpg'",11,11,25,13,20,24,1,0,0,0,0
"10"," b'/Users/mikeytabak/MLWIC_examples/images/CA-01_0006510.jpg'",11,11,25,13,20,24,1,0,0,0,0
"11"," b'/Users/mikeytabak/MLWIC_examples/images/CA-01_0006511.jpg'",25,11,25,13,20,24,1,0,0,0,0
"12"," b'/Users/mikeytabak/MLWIC_examples/images/CA-01_0006512.jpg'",25,11,25,13,20,24,1,0,0,0,0
"13"," b'/Users/mikeytabak/MLWIC_examples/images/CA-01_0006513.jpg'",11,11,25,13,20,15,1,0,0,0,0
"14"," b'/Users/mikeytabak/MLWIC_examples/images/CA-01_0006514.jpg'",11,11,25,13,20,15,1,0,0,0,0
"15"," b'/Users/mikeytabak/MLWIC_examples/images/CA-01_0006685.jpg'",14,14,24,22,13,35,0.9997,2e-04,0,0,0
"16"," b'/Users/mikeytabak/MLWIC_examples/images/CA-01_0006686.jpg'",14,14,24,34,22,20,1,0,0,0,0
"17"," b'/Users/mikeytabak/MLWIC_examples/images/CA-01_0006687.jpg'",14,14,24,34,31,13,1,0,0,0,0
"18"," b'/Users/mikeytabak/MLWIC_examples/images/CA-01_0006688.jpg'",14,14,24,22,23,26,1,0,0,0,0
"19"," b'/Users/mikeytabak/MLWIC_examples/images/CA-01_0006689.jpg'",14,14,23,24,22,20,1,0,0,0,0
"20"," b'/Users/mikeytabak/MLWIC_examples/images/CA-01_0006690.jpg'",14,14,24,22,26,23,0.7423,0.201,0.0292,0.0084,0.0081
"21"," b'/Users/mikeytabak/MLWIC_examples/images/CA-01_0006691.jpg'",27,14,13,20,23,24,0.7177,0.0813,0.0777,0.0504,0.0393
"22"," b'/Users/mikeytabak/MLWIC_examples/images/CA-01_0006692.jpg'",27,14,20,13,23,24,0.933,0.0187,0.0156,0.013,0.0093
"23"," b'/Users/mikeytabak/MLWIC_examples/images/CA-01_0006693.jpg'",27,14,13,23,20,24,0.6744,0.1278,0.1061,0.0491,0.0174
"24"," b'/Users/mikeytabak/MLWIC_examples/images/CA-01_0006694.jpg'",27,14,13,23,20,22,0.7473,0.0969,0.0584,0.0436,0.0259
"25"," b'/Users/mikeytabak/MLWIC_examples/images/CA-01_0006695.jpg'",22,22,24,27,14,20,1,0,0,0,0
"26"," b'/Users/mikeytabak/MLWIC_examples/images/CA-01_0006696.jpg'",22,22,1,26,27,24,0.9996,2e-04,1e-04,1e-04,0
"27"," b'/Users/mikeytabak/MLWIC_examples/images/CA-01_0006697.jpg'",22,22,24,26,14,27,0.9997,1e-04,0,0,0
"28"," b'/Users/mikeytabak/MLWIC_examples/images/CA-01_0006698.jpg'",22,22,27,1,26,20,0.9999,0,0,0,0
"29"," b'/Users/mikeytabak/MLWIC_examples/images/CA-01_0006699.jpg'",22,22,24,14,26,31,0.9996,2e-04,1e-04,0,0
"30"," b'/Users/mikeytabak/MLWIC_examples/images/CA-01_0006700.jpg'",27,14,13,20,23,22,0.6707,0.157,0.0581,0.0569,0.0172
"31"," b'/Users/mikeytabak/MLWIC_examples/images/CA-01_0006701.jpg'",27,14,23,20,13,24,0.807,0.0528,0.0503,0.0363,0.0132
"32"," b'/Users/mikeytabak/MLWIC_examples/images/CA-01_0006702.jpg'",27,14,20,13,23,31,0.8754,0.0398,0.0384,0.0199,0.0108
"33"," b'/Users/mikeytabak/MLWIC_examples/images/CA-01_0006703.jpg'",27,14,13,23,31,20,0.802,0.0805,0.051,0.0301,0.0198
"34"," b'/Users/mikeytabak/MLWIC_examples/images/CA-01_0006704.jpg'",27,14,23,20,13,24,0.817,0.0559,0.0537,0.0257,0.0211
"35"," b'/Users/mikeytabak/MLWIC_examples/images/CA-01_0006705.jpg'",14,14,23,31,13,20,1,0,0,0,0
"36"," b'/Users/mikeytabak/MLWIC_examples/images/CA-01_0006706.jpg'",14,14,24,26,22,23,1,0,0,0,0
"37"," b'/Users/mikeytabak/MLWIC_examples/images/CA-01_0006707.jpg'",14,14,24,34,26,20,1,0,0,0,0
"38"," b'/Users/mikeytabak/MLWIC_examples/images/CA-01_0006708.jpg'",14,14,23,31,20,24,1,0,0,0,0
"39"," b'/Users/mikeytabak/MLWIC_examples/images/CA-01_0006709.jpg'",14,14,23,22,24,20,1,0,0,0,0
"40"," b'/Users/mikeytabak/MLWIC_examples/images/CA-01_0006710.jpg'",3,3,26,11,1,13,1,0,0,0,0
"41"," b'/Users/mikeytabak/MLWIC_examples/images/CA-01_0006711.jpg'",3,3,26,23,31,20,0.9507,0.0477,0.0013,1e-04,0
"42"," b'/Users/mikeytabak/MLWIC_examples/images/CA-01_0006712.jpg'",3,3,13,26,31,23,0.9308,0.0243,0.0167,0.0113,0.0055
"43"," b'/Users/mikeytabak/MLWIC_examples/images/CA-01_0006713.jpg'",3,3,26,13,23,31,0.9309,0.0368,0.0179,0.0063,0.0053
"44"," b'/Users/mikeytabak/MLWIC_examples/images/CA-01_0006714.jpg'",3,3,23,26,13,31,0.9922,0.0037,0.002,0.0013,4e-04
"45"," b'/Users/mikeytabak/MLWIC_examples/images/CA-01_0006715.jpg'",27,14,31,13,23,20,0.9068,0.0239,0.022,0.0203,0.0124
"46"," b'/Users/mikeytabak/MLWIC_examples/images/CA-01_0008096.JPG'",1,1,22,20,17,46,1,0,0,0,0
"47"," b'/Users/mikeytabak/MLWIC_examples/images/CA-01_0008097.JPG'",1,1,20,4,15,11,1,0,0,0,0
"48"," b'/Users/mikeytabak/MLWIC_examples/images/CA-01_0008098.JPG'",27,1,35,20,13,4,0.622,0.3037,0.0378,0.0274,0.0031
"49"," b'/Users/mikeytabak/MLWIC_examples/images/CA-01_0008099.JPG'",27,1,35,20,13,25,0.7022,0.2428,0.031,0.0175,0.0025
"50"," b'/Users/mikeytabak/MLWIC_examples/images/CA-01_0008100.JPG'",27,1,35,20,13,25,0.5796,0.3427,0.0444,0.0241,0.0043
"51"," b'/Users/mikeytabak/MLWIC_examples/images/CA-01_0008101.JPG'",1,1,17,20,4,24,0.9999,0,0,0,0
"52"," b'/Users/mikeytabak/MLWIC_examples/images/CA-01_0008102.JPG'",1,1,20,22,4,0,1,0,0,0,0
"53"," b'/Users/mikeytabak/MLWIC_examples/images/CA-01_0008103.JPG'",1,1,20,4,17,18,0.9998,1e-04,0,0,0
"54"," b'/Users/mikeytabak/MLWIC_examples/images/CA-01_0008104.JPG'",27,1,35,20,13,25,0.8658,0.097,0.0171,0.0135,0.0018
"55"," b'/Users/mikeytabak/MLWIC_examples/images/CA-01_0008105.JPG'",27,1,35,20,13,25,0.9191,0.057,0.0114,0.0083,0.0012
"56"," b'/Users/mikeytabak/MLWIC_examples/images/CA-01_0008106.JPG'",1,1,4,20,24,22,1,0,0,0,0
"57"," b'/Users/mikeytabak/MLWIC_examples/images/CA-01_0008107.JPG'",1,1,20,22,35,11,1,0,0,0,0
"58"," b'/Users/mikeytabak/MLWIC_examples/images/CA-01_0008108.JPG'",1,1,27,20,4,17,1,0,0,0,0
"59"," b'/Users/mikeytabak/MLWIC_examples/images/CA-01_0008109.JPG'",1,1,27,20,17,19,1,0,0,0,0
"60"," b'/Users/mikeytabak/MLWIC_examples/images/CA-01_0008110.JPG'",1,1,20,17,27,24,1,0,0,0,0
"61"," b'/Users/mikeytabak/MLWIC_examples/images/CA-01_0008111.JPG'",1,1,20,17,30,35,1,0,0,0,0
"62"," b'/Users/mikeytabak/MLWIC_examples/images/CA-01_0008112.JPG'",1,1,20,4,24,17,1,0,0,0,0
"63"," b'/Users/mikeytabak/MLWIC_examples/images/CA-01_0008113.JPG'",1,1,20,24,35,30,1,0,0,0,0
"64"," b'/Users/mikeytabak/MLWIC_examples/images/CA-01_0008114.JPG'",1,1,20,24,4,35,1,0,0,0,0
"65"," b'/Users/mikeytabak/MLWIC_examples/images/CA-01_0008115.JPG'",1,1,35,20,25,24,0.9188,0.0797,0.0011,2e-04,2e-04
"66"," b'/Users/mikeytabak/MLWIC_examples/images/CA-01_0008116.JPG'",1,1,24,27,20,4,1,0,0,0,0
"67"," b'/Users/mikeytabak/MLWIC_examples/images/CA-01_0008117.JPG'",1,1,27,24,22,20,1,0,0,0,0
"68"," b'/Users/mikeytabak/MLWIC_examples/images/CA-01_0008118.JPG'",1,1,27,24,20,22,1,0,0,0,0
"69"," b'/Users/mikeytabak/MLWIC_examples/images/CA-01_0008119.JPG'",1,1,27,24,20,46,1,0,0,0,0
"70"," b'/Users/mikeytabak/MLWIC_examples/images/CA-01_0008120.JPG'",1,1,24,27,20,46,1,0,0,0,0
"71"," b'/Users/mikeytabak/MLWIC_examples/images/CA-01_0008121.JPG'",1,1,27,13,24,22,1,0,0,0,0
"72"," b'/Users/mikeytabak/MLWIC_examples/images/CA-01_0008122.JPG'",1,1,27,24,22,20,1,0,0,0,0
"73"," b'/Users/mikeytabak/MLWIC_examples/images/CA-01_0008123.JPG'",1,1,27,24,22,20,1,0,0,0,0
"74"," b'/Users/mikeytabak/MLWIC_examples/images/CA-01_0008124.JPG'",1,1,27,24,22,20,1,0,0,0,0
"75"," b'/Users/mikeytabak/MLWIC_examples/images/CA-01_0008125.JPG'",1,1,22,27,24,13,0.9999,0,0,0,0
"76"," b'/Users/mikeytabak/MLWIC_examples/images/CA-01_0008126.JPG'",1,1,27,24,22,46,1,0,0,0,0
"77"," b'/Users/mikeytabak/MLWIC_examples/images/CA-01_0008127.JPG'",1,1,27,22,24,13,1,0,0,0,0
"78"," b'/Users/mikeytabak/MLWIC_examples/images/CA-01_0008128.JPG'",1,1,27,24,13,22,1,0,0,0,0
"79"," b'/Users/mikeytabak/MLWIC_examples/images/CA-01_0008129.JPG'",1,1,27,24,46,22,0.9998,2e-04,0,0,0
"80"," b'/Users/mikeytabak/MLWIC_examples/images/CA-01_0008130.JPG'",1,1,27,24,46,11,0.9999,1e-04,0,0,0
"81"," b'/Users/mikeytabak/MLWIC_examples/images/CA-01_0008131.JPG'",1,1,27,22,24,20,0.9999,1e-04,0,0,0
"82"," b'/Users/mikeytabak/MLWIC_examples/images/CA-01_0008132.JPG'",1,1,27,22,24,20,1,0,0,0,0
"83"," b'/Users/mikeytabak/MLWIC_examples/images/CA-01_0008133.JPG'",1,1,27,22,24,20,0.9999,1e-04,0,0,0
"84"," b'/Users/mikeytabak/MLWIC_examples/images/CA-01_0008134.JPG'",1,1,27,22,24,20,0.9998,2e-04,0,0,0
"85"," b'/Users/mikeytabak/MLWIC_examples/images/CA-01_0008135.JPG'",1,1,27,22,24,20,0.9999,1e-04,0,0,0
"86"," b'/Users/mikeytabak/MLWIC_examples/images/CA-01_0008136.JPG'",1,1,27,22,24,20,0.9999,1e-04,0,0,0
"87"," b'/Users/mikeytabak/MLWIC_examples/images/CA-01_0008137.JPG'",1,1,27,24,22,4,0.9999,1e-04,0,0,0
"88"," b'/Users/mikeytabak/MLWIC_examples/images/CA-01_0008138.JPG'",1,1,27,24,22,26,1,0,0,0,0
"89"," b'/Users/mikeytabak/MLWIC_examples/images/CA-01_0008139.JPG'",1,1,27,24,22,3,1,0,0,0,0
"90"," b'/Users/mikeytabak/MLWIC_examples/images/CA-01_0008140.JPG'",1,1,27,22,24,3,1,0,0,0,0
"91"," b'/Users/mikeytabak/MLWIC_examples/images/CA-01_0008141.JPG'",1,1,27,24,4,22,1,0,0,0,0
"92"," b'/Users/mikeytabak/MLWIC_examples/images/CA-01_0008142.JPG'",1,1,27,24,20,17,1,0,0,0,0
"93"," b'/Users/mikeytabak/MLWIC_examples/images/CA-01_0008143.JPG'",1,1,27,24,4,10,1,0,0,0,0
"94"," b'/Users/mikeytabak/MLWIC_examples/images/CA-01_0008144.JPG'",1,1,27,24,4,10,1,0,0,0,0
"95"," b'/Users/mikeytabak/MLWIC_examples/images/CA-01_0008145.JPG'",1,1,27,24,22,47,1,0,0,0,0
"96"," b'/Users/mikeytabak/MLWIC_examples/images/CA-01_0008146.JPG'",1,1,27,4,24,20,1,0,0,0,0
"97"," b'/Users/mikeytabak/MLWIC_examples/images/CA-01_0008147.JPG'",1,1,27,4,24,20,1,0,0,0,0
"98"," b'/Users/mikeytabak/MLWIC_examples/images/CA-01_0008148.JPG'",1,1,27,4,24,20,1,0,0,0,0
"99"," b'/Users/mikeytabak/MLWIC_examples/images/CA-01_0008149.JPG'",1,1,27,4,24,20,1,0,0,0,0
"100"," b'/Users/mikeytabak/MLWIC_examples/images/CA-01_0008150.JPG'",1,1,27,4,24,20,1,0,0,0,0
"101"," b'/Users/mikeytabak/MLWIC_examples/images/CA-01_0008151.JPG'",1,1,27,22,24,4,1,0,0,0,0
"102"," b'/Users/mikeytabak/MLWIC_examples/images/CA-01_0008152.JPG'",1,1,27,24,22,3,0.9999,1e-04,0,0,0
"103"," b'/Users/mikeytabak/MLWIC_examples/images/CA-01_0008153.JPG'",1,1,27,24,22,3,0.9999,1e-04,0,0,0
"104"," b'/Users/mikeytabak/MLWIC_examples/images/CA-01_0008154.JPG'",1,1,27,22,24,3,0.9998,2e-04,0,0,0
"105"," b'/Users/mikeytabak/MLWIC_examples/images/CA-01_0008155.JPG'",1,1,27,24,3,22,0.9998,2e-04,0,0,0
"106"," b'/Users/mikeytabak/MLWIC_examples/images/CA-01_0008156.JPG'",1,1,27,24,3,22,1,0,0,0,0
"107"," b'/Users/mikeytabak/MLWIC_examples/images/CA-01_0008157.JPG'",1,1,27,24,3,5,1,0,0,0,0
"108"," b'/Users/mikeytabak/MLWIC_examples/images/CA-01_0008158.JPG'",1,1,27,24,5,3,1,0,0,0,0
"109"," b'/Users/mikeytabak/MLWIC_examples/images/CA-01_0008159.JPG'",1,1,27,24,3,5,1,0,0,0,0
"110"," b'/Users/mikeytabak/MLWIC_examples/images/CA-01_0008160.JPG'",1,1,27,24,32,10,1,0,0,0,0
"111"," b'/Users/mikeytabak/MLWIC_examples/images/CA-01_0008161.JPG'",1,1,27,24,20,3,1,0,0,0,0
"112"," b'/Users/mikeytabak/MLWIC_examples/images/CA-01_0008162.JPG'",1,1,27,24,5,22,1,0,0,0,0
"113"," b'/Users/mikeytabak/MLWIC_examples/images/CA-01_0008163.JPG'",1,1,27,24,32,20,1,0,0,0,0
"114"," b'/Users/mikeytabak/MLWIC_examples/images/CA-01_0008164.JPG'",1,1,24,20,4,27,1,0,0,0,0
"115"," b'/Users/mikeytabak/MLWIC_examples/images/CA-01_0008165.JPG'",1,1,24,20,4,26,1,0,0,0,0
"116"," b'/Users/mikeytabak/MLWIC_examples/images/CA-01_0008166.JPG'",1,1,24,4,22,20,1,0,0,0,0
"117"," b'/Users/mikeytabak/MLWIC_examples/images/CA-01_0008167.JPG'",1,1,27,24,22,20,0.9999,1e-04,0,0,0
"118"," b'/Users/mikeytabak/MLWIC_examples/images/CA-01_0008168.JPG'",1,1,27,24,22,4,1,0,0,0,0
"119"," b'/Users/mikeytabak/MLWIC_examples/images/CA-01_0008169.JPG'",1,1,27,4,24,20,1,0,0,0,0
"120"," b'/Users/mikeytabak/MLWIC_examples/images/CA-01_0008170.JPG'",1,1,4,22,27,26,1,0,0,0,0
"121"," b'/Users/mikeytabak/MLWIC_examples/images/CA-01_0008171.JPG'",1,1,4,20,24,30,1,0,0,0,0
"122"," b'/Users/mikeytabak/MLWIC_examples/images/CA-01_0008172.JPG'",1,1,4,20,24,30,1,0,0,0,0
"123"," b'/Users/mikeytabak/MLWIC_examples/images/CA-01_0008173.JPG'",1,1,27,4,24,20,0.9998,2e-04,0,0,0
"124"," b'/Users/mikeytabak/MLWIC_examples/images/CA-01_0008174.JPG'",1,1,27,24,46,4,1,0,0,0,0
"125"," b'/Users/mikeytabak/MLWIC_examples/images/CA-01_0008175.JPG'",1,1,27,24,4,46,1,0,0,0,0
"126"," b'/Users/mikeytabak/MLWIC_examples/images/CA-01_0008176.JPG'",1,1,27,20,4,46,0.9999,1e-04,0,0,0
"127"," b'/Users/mikeytabak/MLWIC_examples/images/CA-01_0008177.JPG'",1,1,27,4,13,24,1,0,0,0,0
"128"," b'/Users/mikeytabak/MLWIC_examples/images/CA-01_0008178.JPG'",1,1,27,22,11,4,1,0,0,0,0
"129"," b'/Users/mikeytabak/MLWIC_examples/images/CA-01_0008179.JPG'",1,1,27,4,46,24,0.9999,1e-04,0,0,0
"130"," b'/Users/mikeytabak/MLWIC_examples/images/CA-01_0008180.JPG'",1,1,27,24,22,20,1,0,0,0,0
"131"," b'/Users/mikeytabak/MLWIC_examples/images/CA-01_0008181.JPG'",1,1,27,24,4,20,0.9997,3e-04,0,0,0
"132"," b'/Users/mikeytabak/MLWIC_examples/images/CA-01_0008182.JPG'",1,1,27,20,22,13,0.9999,1e-04,0,0,0
"133"," b'/Users/mikeytabak/MLWIC_examples/images/CA-01_0008183.JPG'",1,1,27,19,20,22,1,0,0,0,0
"134"," b'/Users/mikeytabak/MLWIC_examples/images/CA-01_0008184.JPG'",1,1,27,19,17,24,0.9999,1e-04,0,0,0
"135"," b'/Users/mikeytabak/MLWIC_examples/images/CA-01_0008185.JPG'",1,1,27,24,19,17,1,0,0,0,0
"136"," b'/Users/mikeytabak/MLWIC_examples/images/CA-01_0008186.JPG'",1,1,20,17,27,24,1,0,0,0,0
"137"," b'/Users/mikeytabak/MLWIC_examples/images/CA-01_0008187.JPG'",1,1,20,24,17,13,1,0,0,0,0
"138"," b'/Users/mikeytabak/MLWIC_examples/images/CA-01_0008188.JPG'",1,1,20,24,17,13,1,0,0,0,0
"139"," b'/Users/mikeytabak/MLWIC_examples/images/CA-01_0008189.JPG'",1,1,20,24,17,13,1,0,0,0,0
"140"," b'/Users/mikeytabak/MLWIC_examples/images/CA-01_0008190.JPG'",1,1,20,24,17,13,1,0,0,0,0
"141"," b'/Users/mikeytabak/MLWIC_examples/images/CA-01_0008191.JPG'",1,1,20,4,35,24,1,0,0,0,0
"142"," b'/Users/mikeytabak/MLWIC_examples/images/CA-01_0008192.JPG'",1,1,24,4,20,11,1,0,0,0,0
"143"," b'/Users/mikeytabak/MLWIC_examples/images/CA-01_0008193.JPG'",1,1,24,4,20,11,1,0,0,0,0
"144"," b'/Users/mikeytabak/MLWIC_examples/images/CA-01_0008194.JPG'",1,1,4,24,20,30,1,0,0,0,0
"145"," b'/Users/mikeytabak/MLWIC_examples/images/CA-01_0008195.JPG'",1,1,4,24,20,22,1,0,0,0,0
"146"," b'/Users/mikeytabak/MLWIC_examples/images/CA-01_0008196.JPG'",1,1,4,20,22,24,1,0,0,0,0
"147"," b'/Users/mikeytabak/MLWIC_examples/images/CA-01_0008197.JPG'",1,1,4,20,24,22,1,0,0,0,0
"148"," b'/Users/mikeytabak/MLWIC_examples/images/CA-01_0008198.JPG'",1,1,4,24,20,25,1,0,0,0,0
"149"," b'/Users/mikeytabak/MLWIC_examples/images/CA-01_0008199.JPG'",1,1,35,20,3,25,0.9784,0.0186,0.0028,1e-04,1e-04
"150"," b'/Users/mikeytabak/MLWIC_examples/images/CA-01_0008200.JPG'",27,1,35,20,25,3,0.963,0.0343,0.0024,1e-04,1e-04
"151"," b'/Users/mikeytabak/MLWIC_examples/images/CA-01_0008201.JPG'",1,1,20,4,24,22,1,0,0,0,0
"152"," b'/Users/mikeytabak/MLWIC_examples/images/CA-01_0008202.JPG'",1,1,27,24,20,4,0.9999,1e-04,0,0,0
"153"," b'/Users/mikeytabak/MLWIC_examples/images/CA-01_0008203.JPG'",1,1,24,4,20,17,1,0,0,0,0
"154"," b'/Users/mikeytabak/MLWIC_examples/images/CA-01_0008204.JPG'",1,1,4,24,20,30,1,0,0,0,0
"155"," b'/Users/mikeytabak/MLWIC_examples/images/CA-01_0008205.JPG'",27,1,35,20,4,25,0.9774,0.0172,0.0051,1e-04,1e-04
"156"," b'/Users/mikeytabak/MLWIC_examples/images/CA-01_0008206.JPG'",1,1,27,24,4,20,0.9999,1e-04,0,0,0
"157"," b'/Users/mikeytabak/MLWIC_examples/images/CA-01_0008207.JPG'",1,1,27,24,20,46,0.9999,1e-04,0,0,0
"158"," b'/Users/mikeytabak/MLWIC_examples/images/CA-01_0008208.JPG'",1,1,24,27,20,17,1,0,0,0,0
"159"," b'/Users/mikeytabak/MLWIC_examples/images/CA-01_0008209.JPG'",1,1,20,24,27,4,1,0,0,0,0
"160"," b'/Users/mikeytabak/MLWIC_examples/images/CA-01_0008210.JPG'",1,1,4,24,20,30,1,0,0,0,0
"161"," b'/Users/mikeytabak/MLWIC_examples/images/CA-01_0008211.JPG'",1,1,20,24,17,22,1,0,0,0,0
"162"," b'/Users/mikeytabak/MLWIC_examples/images/CA-01_0008212.JPG'",1,1,27,17,20,19,1,0,0,0,0
"163"," b'/Users/mikeytabak/MLWIC_examples/images/CA-01_0008213.JPG'",1,1,20,4,24,17,1,0,0,0,0
"164"," b'/Users/mikeytabak/MLWIC_examples/images/CA-01_0008214.JPG'",1,1,4,24,20,35,1,0,0,0,0
"165"," b'/Users/mikeytabak/MLWIC_examples/images/CA-01_0008215.JPG'",1,1,4,20,24,26,1,0,0,0,0
"166"," b'/Users/mikeytabak/MLWIC_examples/images/CA-01_0008216.JPG'",1,1,4,20,24,35,1,0,0,0,0
"167"," b'/Users/mikeytabak/MLWIC_examples/images/CA-01_0008217.JPG'",1,1,35,20,24,3,0.9934,0.0043,0.0021,1e-04,0
"168"," b'/Users/mikeytabak/MLWIC_examples/images/CA-01_0008218.JPG'",1,1,35,20,3,24,0.9901,0.0066,0.0032,1e-04,0
"169"," b'/Users/mikeytabak/MLWIC_examples/images/CA-01_0008219.JPG'",1,1,35,20,24,3,0.989,0.0079,0.0029,1e-04,1e-04
"170"," b'/Users/mikeytabak/MLWIC_examples/images/CA-01_0008220.JPG'",1,1,35,20,24,25,0.9839,0.0133,0.0028,0,0
"171"," b'/Users/mikeytabak/MLWIC_examples/images/CA-01_0008221.JPG'",1,1,27,24,20,4,1,0,0,0,0
"172"," b'/Users/mikeytabak/MLWIC_examples/images/CA-01_0008222.JPG'",1,1,4,27,24,22,1,0,0,0,0
"173"," b'/Users/mikeytabak/MLWIC_examples/images/CA-01_0008223.JPG'",1,1,4,20,35,24,1,0,0,0,0
"174"," b'/Users/mikeytabak/MLWIC_examples/images/CA-01_0008224.JPG'",27,1,35,20,3,25,0.9887,0.0098,0.0014,0,0
"175"," b'/Users/mikeytabak/MLWIC_examples/images/CA-01_0008225.JPG'",27,1,35,20,3,4,0.9869,0.0111,0.0018,0,0
"176"," b'/Users/mikeytabak/MLWIC_examples/images/CA-01_0008226.JPG'",1,1,27,4,20,32,1,0,0,0,0
"177"," b'/Users/mikeytabak/MLWIC_examples/images/CA-01_0008227.JPG'",1,1,20,4,11,15,1,0,0,0,0
"178"," b'/Users/mikeytabak/MLWIC_examples/images/CA-01_0008228.JPG'",1,1,20,27,4,24,1,0,0,0,0
"179"," b'/Users/mikeytabak/MLWIC_examples/images/CA-01_0008229.JPG'",1,1,27,20,4,18,1,0,0,0,0
"180"," b'/Users/mikeytabak/MLWIC_examples/images/CA-01_0008230.JPG'",1,1,4,24,27,20,1,0,0,0,0
"181"," b'/Users/mikeytabak/MLWIC_examples/images/CA-01_0008231.JPG'",1,1,27,54,31,22,0.9998,2e-04,0,0,0
"182"," b'/Users/mikeytabak/MLWIC_examples/images/CA-01_0008232.JPG'",1,1,27,20,22,24,1,0,0,0,0
"183"," b'/Users/mikeytabak/MLWIC_examples/images/CA-01_0008233.JPG'",1,1,4,20,17,27,1,0,0,0,0
"184"," b'/Users/mikeytabak/MLWIC_examples/images/CA-01_0008234.JPG'",1,1,20,35,3,4,0.995,0.0025,0.0022,2e-04,1e-04
"185"," b'/Users/mikeytabak/MLWIC_examples/images/CA-01_0008235.JPG'",1,1,20,4,35,3,1,0,0,0,0
"186"," b'/Users/mikeytabak/MLWIC_examples/images/CA-01_0008236.JPG'",27,1,20,35,4,3,0.9969,0.0017,0.0011,2e-04,1e-04
"187"," b'/Users/mikeytabak/MLWIC_examples/images/CA-01_0008237.JPG'",27,1,20,35,4,3,0.9978,0.001,9e-04,1e-04,1e-04
"188"," b'/Users/mikeytabak/MLWIC_examples/images/CA-01_0008239.JPG'",27,1,20,35,4,3,0.997,0.0013,0.0013,2e-04,1e-04
"189"," b'/Users/mikeytabak/MLWIC_examples/images/CA-01_0008238.JPG'",27,1,35,20,3,4,0.9961,0.0019,0.0017,2e-04,2e-04
"190"," b'/Users/mikeytabak/MLWIC_examples/images/CA-01_0008241.JPG'",1,1,27,22,24,13,1,0,0,0,0
"191"," b'/Users/mikeytabak/MLWIC_examples/images/CA-01_0008240.JPG'",27,1,20,35,4,3,0.9971,0.0016,0.0011,1e-04,1e-04
"192"," b'/Users/mikeytabak/MLWIC_examples/images/CA-01_0008242.JPG'",1,1,27,20,24,46,0.9999,1e-04,0,0,0
"193"," b'/Users/mikeytabak/MLWIC_examples/images/CA-01_0008243.JPG'",1,1,4,20,27,17,1,0,0,0,0
"194"," b'/Users/mikeytabak/MLWIC_examples/images/CA-01_0008245.JPG'",27,1,35,20,4,3,0.9984,0.0011,4e-04,0,0
"195"," b'/Users/mikeytabak/MLWIC_examples/images/CA-01_0008244.JPG'",27,1,35,20,4,3,0.998,0.0014,5e-04,1e-04,0
"196"," b'/Users/mikeytabak/MLWIC_examples/images/CA-01_0008247.JPG'",1,1,27,20,24,46,1,0,0,0,0
"197"," b'/Users/mikeytabak/MLWIC_examples/images/CA-01_0008246.JPG'",1,1,4,24,20,30,1,0,0,0,0
"198"," b'/Users/mikeytabak/MLWIC_examples/images/CA-01_0008248.JPG'",1,1,27,20,24,4,0.9998,2e-04,0,0,0
"199"," b'/Users/mikeytabak/MLWIC_examples/images/CA-01_0008249.JPG'",1,1,4,20,24,27,1,0,0,0,0
"200"," b'/Users/mikeytabak/MLWIC_examples/images/CA-01_0008250.JPG'",1,1,4,20,11,10,1,0,0,0,0
"201"," b'/Users/mikeytabak/MLWIC_examples/images/CA-01_0008251.JPG'",1,1,4,27,24,20,1,0,0,0,0
"202"," b'/Users/mikeytabak/MLWIC_examples/images/CA-01_0008252.JPG'",1,1,27,22,20,4,1,0,0,0,0
"203"," b'/Users/mikeytabak/MLWIC_examples/images/CA-01_0008253.JPG'",1,1,4,27,20,46,1,0,0,0,0
"204"," b'/Users/mikeytabak/MLWIC_examples/images/CA-01_0008254.JPG'",1,1,4,20,27,17,1,0,0,0,0
"205"," b'/Users/mikeytabak/MLWIC_examples/images/CA-01_0008255.JPG'",27,1,35,20,4,3,0.999,7e-04,2e-04,0,0
"206"," b'/Users/mikeytabak/MLWIC_examples/images/CA-01_0008256.JPG'",13,13,20,11,23,19,1,0,0,0,0
"207"," b'/Users/mikeytabak/MLWIC_examples/images/CA-01_0008257.JPG'",13,13,20,1,23,24,1,0,0,0,0
"208"," b'/Users/mikeytabak/MLWIC_examples/images/CA-01_0008258.JPG'",13,13,20,23,4,26,1,0,0,0,0
"209"," b'/Users/mikeytabak/MLWIC_examples/images/CA-01_0008259.JPG'",13,13,20,22,23,25,0.9997,3e-04,0,0,0
"210"," b'/Users/mikeytabak/MLWIC_examples/images/CA-01_0008261.JPG'",27,1,35,20,24,25,0.9885,0.0079,0.0022,5e-04,3e-04
"211"," b'/Users/mikeytabak/MLWIC_examples/images/CA-01_0008260.JPG'",27,13,20,22,4,14,0.7067,0.2845,0.0064,0.0015,3e-04
"212"," b'/Users/mikeytabak/MLWIC_examples/images/CA-01_0008263.JPG'",27,1,35,20,24,21,0.9883,0.0086,0.0015,5e-04,3e-04
"213"," b'/Users/mikeytabak/MLWIC_examples/images/CA-01_0008262.JPG'",27,1,35,20,24,11,0.9908,0.0068,0.0013,3e-04,2e-04
"214"," b'/Users/mikeytabak/MLWIC_examples/images/CA-01_0008264.JPG'",27,1,35,20,24,21,0.9884,0.0087,0.0014,4e-04,4e-04
"215"," b'/Users/mikeytabak/MLWIC_examples/images/CA-01_0008265.JPG'",27,1,35,20,24,21,0.989,0.0079,0.0016,4e-04,4e-04
"216"," b'/Users/mikeytabak/MLWIC_examples/images/CA-01_0008266.JPG'",15,20,1,35,3,4,0.9268,0.0718,5e-04,4e-04,1e-04
"217"," b'/Users/mikeytabak/MLWIC_examples/images/CA-01_0008267.JPG'",27,1,20,35,3,24,0.8317,0.1517,0.0127,0.0012,9e-04
"218"," b'/Users/mikeytabak/MLWIC_examples/images/CA-01_0008268.JPG'",27,1,20,35,24,3,0.7558,0.2121,0.0228,0.0032,0.0025
"219"," b'/Users/mikeytabak/MLWIC_examples/images/CA-01_0008269.JPG'",27,1,20,35,3,24,0.6214,0.354,0.0182,0.0025,0.0015
"220"," b'/Users/mikeytabak/MLWIC_examples/images/CA-01_0008270.JPG'",27,1,20,35,3,24,0.7496,0.2327,0.0129,0.0019,8e-04
"221"," b'/Users/mikeytabak/MLWIC_examples/images/CA-01_0008271.JPG'",1,1,24,25,4,11,0.9999,0,0,0,0
"222"," b'/Users/mikeytabak/MLWIC_examples/images/CA-01_0008272.JPG'",1,1,24,4,11,20,1,0,0,0,0
"223"," b'/Users/mikeytabak/MLWIC_examples/images/CA-01_0008273.JPG'",1,1,24,4,20,25,1,0,0,0,0
"224"," b'/Users/mikeytabak/MLWIC_examples/images/CA-01_0008274.JPG'",1,1,24,4,20,25,1,0,0,0,0
"225"," b'/Users/mikeytabak/MLWIC_examples/images/CA-01_0008275.JPG'",1,1,24,4,20,11,1,0,0,0,0
"226"," b'/Users/mikeytabak/MLWIC_examples/images/CA-01_0008276.JPG'",1,1,24,4,20,35,1,0,0,0,0
"227"," b'/Users/mikeytabak/MLWIC_examples/images/CA-01_0008277.JPG'",1,1,24,4,27,20,1,0,0,0,0
"228"," b'/Users/mikeytabak/MLWIC_examples/images/CA-01_0008278.JPG'",1,1,24,4,27,20,1,0,0,0,0
"229"," b'/Users/mikeytabak/MLWIC_examples/images/CA-01_0008279.JPG'",1,1,24,27,4,20,1,0,0,0,0
"230"," b'/Users/mikeytabak/MLWIC_examples/images/CA-01_0008280.JPG'",1,1,27,24,4,20,1,0,0,0,0
"231"," b'/Users/mikeytabak/MLWIC_examples/images/CA-01_0008281.JPG'",1,1,24,27,4,20,1,0,0,0,0
"232"," b'/Users/mikeytabak/MLWIC_examples/images/CA-01_0008283.JPG'",1,1,27,24,4,20,1,0,0,0,0
"233"," b'/Users/mikeytabak/MLWIC_examples/images/CA-01_0008282.JPG'",1,1,24,4,27,20,1,0,0,0,0
"234"," b'/Users/mikeytabak/MLWIC_examples/images/CA-01_0008285.JPG'",1,1,27,24,4,20,1,0,0,0,0
"235"," b'/Users/mikeytabak/MLWIC_examples/images/CA-01_0008284.JPG'",1,1,27,24,4,20,1,0,0,0,0
"236"," b'/Users/mikeytabak/MLWIC_examples/images/CA-01_0008287.JPG'",1,1,27,24,32,20,1,0,0,0,0
"237"," b'/Users/mikeytabak/MLWIC_examples/images/CA-01_0008286.JPG'",1,1,27,24,20,32,0.9998,1e-04,0,0,0
"238"," b'/Users/mikeytabak/MLWIC_examples/images/CA-01_0008288.JPG'",1,1,27,24,20,32,1,0,0,0,0
"239"," b'/Users/mikeytabak/MLWIC_examples/images/CA-01_0008289.JPG'",1,1,27,24,20,32,0.9999,1e-04,0,0,0
"240"," b'/Users/mikeytabak/MLWIC_examples/images/CA-01_0008290.JPG'",1,1,27,24,20,32,0.9999,1e-04,0,0,0
"241"," b'/Users/mikeytabak/MLWIC_examples/images/CA-01_0008291.JPG'",1,1,27,24,20,19,1,0,0,0,0
"242"," b'/Users/mikeytabak/MLWIC_examples/images/CA-01_0008292.JPG'",1,1,27,24,20,4,1,0,0,0,0
"243"," b'/Users/mikeytabak/MLWIC_examples/images/CA-01_0008293.JPG'",1,1,27,24,20,4,1,0,0,0,0
"244"," b'/Users/mikeytabak/MLWIC_examples/images/CA-01_0008294.JPG'",1,1,27,24,4,20,1,0,0,0,0
"245"," b'/Users/mikeytabak/MLWIC_examples/images/CA-01_0008295.JPG'",1,1,27,20,24,4,1,0,0,0,0
"246"," b'/Users/mikeytabak/MLWIC_examples/images/CA-01_0008297.JPG'",1,1,20,4,24,17,1,0,0,0,0
"247"," b'/Users/mikeytabak/MLWIC_examples/images/CA-01_0008296.JPG'",1,1,27,20,4,24,1,0,0,0,0
"248"," b'/Users/mikeytabak/MLWIC_examples/images/CA-01_0008298.JPG'",1,1,4,20,24,30,0.9999,1e-04,0,0,0
"249"," b'/Users/mikeytabak/MLWIC_examples/images/CA-01_0008299.JPG'",1,1,4,20,24,30,1,0,0,0,0
"250"," b'/Users/mikeytabak/MLWIC_examples/images/CA-01_0008300.JPG'",1,1,4,20,24,11,1,0,0,0,0
"251"," b'/Users/mikeytabak/MLWIC_examples/images/CA-01_0008301.JPG'",1,1,24,4,20,3,0.9998,1e-04,0,0,0
"252"," b'/Users/mikeytabak/MLWIC_examples/images/CA-01_0008302.JPG'",1,1,24,27,4,20,0.9999,0,0,0,0
"253"," b'/Users/mikeytabak/MLWIC_examples/images/CA-01_0008303.JPG'",1,1,27,24,22,20,1,0,0,0,0
"254"," b'/Users/mikeytabak/MLWIC_examples/images/CA-01_0008304.JPG'",1,1,27,24,4,22,0.9999,1e-04,0,0,0
"255"," b'/Users/mikeytabak/MLWIC_examples/images/CA-01_0008305.JPG'",1,1,27,24,4,22,0.9999,1e-04,0,0,0
"256"," b'/Users/mikeytabak/MLWIC_examples/images/CA-01_0008306.JPG'",1,1,27,24,4,22,0.9999,1e-04,0,0,0
"257"," b'/Users/mikeytabak/MLWIC_examples/images/CA-01_0008307.JPG'",1,1,27,24,4,22,1,0,0,0,0
"258"," b'/Users/mikeytabak/MLWIC_examples/images/CA-01_0008308.JPG'",1,1,24,20,27,4,1,0,0,0,0
"259"," b'/Users/mikeytabak/MLWIC_examples/images/CA-01_0008309.JPG'",1,1,24,20,4,22,0.9999,0,0,0,0
"260"," b'/Users/mikeytabak/MLWIC_examples/images/CA-01_0008310.JPG'",1,1,20,24,4,35,1,0,0,0,0
"261"," b'/Users/mikeytabak/MLWIC_examples/images/CA-01_0008311.JPG'",1,1,24,22,20,27,0.9999,0,0,0,0
"262"," b'/Users/mikeytabak/MLWIC_examples/images/CA-01_0008312.JPG'",1,1,27,22,24,4,0.9931,0.0065,2e-04,1e-04,0
"263"," b'/Users/mikeytabak/MLWIC_examples/images/CA-01_0008313.JPG'",1,1,24,27,4,22,1,0,0,0,0
"264"," b'/Users/mikeytabak/MLWIC_examples/images/CA-01_0008314.JPG'",1,1,27,4,24,32,1,0,0,0,0
"265"," b'/Users/mikeytabak/MLWIC_examples/images/CA-01_0008315.JPG'",1,1,4,24,20,11,1,0,0,0,0
"266"," b'/Users/mikeytabak/MLWIC_examples/images/CA-01_0008316.JPG'",1,1,20,24,4,35,1,0,0,0,0
"267"," b'/Users/mikeytabak/MLWIC_examples/images/CA-01_0008317.JPG'",1,1,4,20,24,35,1,0,0,0,0
"268"," b'/Users/mikeytabak/MLWIC_examples/images/CA-01_0008318.JPG'",1,1,4,20,24,35,1,0,0,0,0
"269"," b'/Users/mikeytabak/MLWIC_examples/images/CA-01_0008319.JPG'",1,1,4,20,24,11,0.9999,1e-04,0,0,0
"270"," b'/Users/mikeytabak/MLWIC_examples/images/CA-01_0008320.JPG'",1,1,4,20,24,11,0.9999,0,0,0,0
"271"," b'/Users/mikeytabak/MLWIC_examples/images/CA-01_0008321.JPG'",1,1,4,24,20,35,1,0,0,0,0
"272"," b'/Users/mikeytabak/MLWIC_examples/images/CA-01_0008322.JPG'",1,1,27,4,24,13,0.9999,1e-04,0,0,0
"273"," b'/Users/mikeytabak/MLWIC_examples/images/CA-01_0008323.JPG'",1,1,27,4,24,22,0.9996,3e-04,0,0,0
"274"," b'/Users/mikeytabak/MLWIC_examples/images/CA-01_0008324.JPG'",1,1,27,22,4,24,0.9998,2e-04,0,0,0
"275"," b'/Users/mikeytabak/MLWIC_examples/images/CA-01_0008325.JPG'",1,1,4,27,24,22,0.9999,0,0,0,0
"276"," b'/Users/mikeytabak/MLWIC_examples/images/CA-01_0008326.JPG'",1,1,24,4,20,22,1,0,0,0,0
"277"," b'/Users/mikeytabak/MLWIC_examples/images/CA-01_0008327.JPG'",1,1,4,24,20,11,1,0,0,0,0
"278"," b'/Users/mikeytabak/MLWIC_examples/images/CA-01_0008328.JPG'",1,1,24,4,20,11,1,0,0,0,0
"279"," b'/Users/mikeytabak/MLWIC_examples/images/CA-01_0008329.JPG'",1,1,24,4,20,11,1,0,0,0,0
"280"," b'/Users/mikeytabak/MLWIC_examples/images/CA-01_0008330.JPG'",1,1,24,4,20,40,1,0,0,0,0
"281"," b'/Users/mikeytabak/MLWIC_examples/images/CA-01_0008331.JPG'",1,1,24,4,20,11,1,0,0,0,0
"282"," b'/Users/mikeytabak/MLWIC_examples/images/CA-01_0008332.JPG'",1,1,24,20,4,11,1,0,0,0,0
"283"," b'/Users/mikeytabak/MLWIC_examples/images/CA-01_0008333.JPG'",1,1,11,24,20,35,0.9982,9e-04,8e-04,0,0
"284"," b'/Users/mikeytabak/MLWIC_examples/images/CA-01_0008334.JPG'",27,1,20,35,24,11,0.8976,0.0444,0.0428,0.0081,0.0048
"285"," b'/Users/mikeytabak/MLWIC_examples/images/CA-01_0008336.JPG'",1,1,24,4,20,35,1,0,0,0,0
"286"," b'/Users/mikeytabak/MLWIC_examples/images/CA-01_0008335.JPG'",1,1,20,35,24,11,0.9125,0.0524,0.0234,0.005,0.0043
"287"," b'/Users/mikeytabak/MLWIC_examples/images/CA-01_0008337.JPG'",1,1,24,4,27,20,0.9997,3e-04,0,0,0
"288"," b'/Users/mikeytabak/MLWIC_examples/images/CA-01_0008338.JPG'",1,1,24,27,20,4,1,0,0,0,0
"289"," b'/Users/mikeytabak/MLWIC_examples/images/CA-01_0008339.JPG'",1,1,27,24,20,4,0.9991,9e-04,0,0,0
"290"," b'/Users/mikeytabak/MLWIC_examples/images/CA-01_0008341.JPG'",1,1,20,4,24,35,1,0,0,0,0
"291"," b'/Users/mikeytabak/MLWIC_examples/images/CA-01_0008340.JPG'",1,1,27,24,20,4,1,0,0,0,0
"292"," b'/Users/mikeytabak/MLWIC_examples/images/CA-01_0008342.JPG'",1,1,20,11,4,24,1,0,0,0,0
"293"," b'/Users/mikeytabak/MLWIC_examples/images/CA-01_0008343.JPG'",1,1,20,4,24,11,1,0,0,0,0
"294"," b'/Users/mikeytabak/MLWIC_examples/images/CA-01_0008345.JPG'",1,1,20,11,4,24,1,0,0,0,0
"295"," b'/Users/mikeytabak/MLWIC_examples/images/CA-01_0008344.JPG'",1,1,20,11,4,24,1,0,0,0,0
"296"," b'/Users/mikeytabak/MLWIC_examples/images/CA-01_0008347.JPG'",1,1,27,20,24,4,1,0,0,0,0
"297"," b'/Users/mikeytabak/MLWIC_examples/images/CA-01_0008346.JPG'",1,1,11,20,4,24,0.9983,0.0017,0,0,0
"298"," b'/Users/mikeytabak/MLWIC_examples/images/CA-01_0008348.JPG'",1,1,27,20,4,22,1,0,0,0,0
"299"," b'/Users/mikeytabak/MLWIC_examples/images/CA-01_0008349.JPG'",1,1,27,19,20,22,0.9999,1e-04,0,0,0
"300"," b'/Users/mikeytabak/MLWIC_examples/images/CA-01_0008351.JPG'",1,1,27,4,7,19,1,0,0,0,0
"301"," b'/Users/mikeytabak/MLWIC_examples/images/CA-01_0008352.JPG'",1,1,4,20,24,17,1,0,0,0,0
"302"," b'/Users/mikeytabak/MLWIC_examples/images/CA-01_0008350.JPG'",1,1,27,19,7,20,0.9999,1e-04,0,0,0
"303"," b'/Users/mikeytabak/MLWIC_examples/images/CA-01_0008354.JPG'",1,1,20,35,11,24,0.9427,0.0473,0.0044,0.0032,0.0014
"304"," b'/Users/mikeytabak/MLWIC_examples/images/CA-01_0008353.JPG'",1,1,20,4,11,3,1,0,0,0,0
"305"," b'/Users/mikeytabak/MLWIC_examples/images/CA-01_0008355.JPG'",27,1,20,35,11,24,0.9376,0.0462,0.0071,0.0061,0.0018
"306"," b'/Users/mikeytabak/MLWIC_examples/images/CA-01_0008356.JPG'",1,1,4,24,20,27,0.9984,0.0015,0,0,0
"307"," b'/Users/mikeytabak/MLWIC_examples/images/CA-01_0008357.JPG'",1,1,20,27,4,17,1,0,0,0,0
"308"," b'/Users/mikeytabak/MLWIC_examples/images/CA-01_0008358.JPG'",1,1,27,20,17,19,1,0,0,0,0
"309"," b'/Users/mikeytabak/MLWIC_examples/images/CA-01_0008359.JPG'",1,1,20,27,19,17,0.9997,2e-04,0,0,0
"310"," b'/Users/mikeytabak/MLWIC_examples/images/CA-01_0008360.JPG'",1,1,20,27,18,17,0.9999,1e-04,1e-04,0,0
"311"," b'/Users/mikeytabak/MLWIC_examples/images/CA-01_0008361.JPG'",1,1,20,17,18,19,1,0,0,0,0
"312"," b'/Users/mikeytabak/MLWIC_examples/images/CA-01_0008362.JPG'",1,1,4,20,11,24,1,0,0,0,0
"313"," b'/Users/mikeytabak/MLWIC_examples/images/CA-01_0008363.JPG'",1,1,11,4,20,24,0.9557,0.0248,0.0192,2e-04,0
"314"," b'/Users/mikeytabak/MLWIC_examples/images/CA-01_0008364.JPG'",1,1,20,11,35,24,0.9673,0.0193,0.0086,0.0021,0.0014
"315"," b'/Users/mikeytabak/MLWIC_examples/images/CA-01_0008365.JPG'",1,1,20,11,24,35,0.9033,0.0663,0.01,0.0092,0.0087
"316"," b'/Users/mikeytabak/MLWIC_examples/images/CA-01_0008366.JPG'",1,1,20,24,11,30,0.9985,0.0015,0,0,0
"317"," b'/Users/mikeytabak/MLWIC_examples/images/CA-01_0008367.JPG'",1,1,20,27,24,19,1,0,0,0,0
"318"," b'/Users/mikeytabak/MLWIC_examples/images/CA-01_0008368.JPG'",1,1,27,19,20,24,1,0,0,0,0
"319"," b'/Users/mikeytabak/MLWIC_examples/images/CA-01_0008369.JPG'",1,1,27,20,19,18,0.9999,1e-04,0,0,0
"320"," b'/Users/mikeytabak/MLWIC_examples/images/CA-01_0008370.JPG'",1,1,4,20,17,24,1,0,0,0,0
"321"," b'/Users/mikeytabak/MLWIC_examples/images/CA-01_0008371.JPG'",1,1,24,22,4,20,1,0,0,0,0
"322"," b'/Users/mikeytabak/MLWIC_examples/images/CA-01_0008372.JPG'",1,1,27,24,4,20,1,0,0,0,0
"323"," b'/Users/mikeytabak/MLWIC_examples/images/CA-01_0008373.JPG'",1,1,20,4,24,17,1,0,0,0,0
"324"," b'/Users/mikeytabak/MLWIC_examples/images/CA-01_0008374.JPG'",27,1,20,35,11,24,0.9744,0.0147,0.0076,0.001,8e-04
"325"," b'/Users/mikeytabak/MLWIC_examples/images/CA-01_0008375.JPG'",27,1,20,35,11,25,0.9765,0.0125,0.0083,7e-04,7e-04
"326"," b'/Users/mikeytabak/MLWIC_examples/images/CA-01_0008376.JPG'",1,1,27,24,20,13,1,0,0,0,0
"327"," b'/Users/mikeytabak/MLWIC_examples/images/CA-01_0008377.JPG'",1,1,27,22,24,46,0.9999,1e-04,0,0,0
"328"," b'/Users/mikeytabak/MLWIC_examples/images/CA-01_0008378.JPG'",1,1,24,11,20,4,0.9996,3e-04,1e-04,0,0
"329"," b'/Users/mikeytabak/MLWIC_examples/images/CA-01_0008379.JPG'",27,1,20,35,11,25,0.9732,0.012,0.0114,0.002,7e-04
"330"," b'/Users/mikeytabak/MLWIC_examples/images/CA-01_0008380.JPG'",27,1,35,20,11,25,0.9698,0.0155,0.0098,0.0034,8e-04
"331"," b'/Users/mikeytabak/MLWIC_examples/images/CA-01_0008381.JPG'",27,20,35,1,13,24,0.8678,0.0847,0.021,0.0067,0.0067
"332"," b'/Users/mikeytabak/MLWIC_examples/images/CA-01_0008382.JPG'",27,20,35,4,13,1,0.9013,0.0315,0.028,0.0112,0.0088
"333"," b'/Users/mikeytabak/MLWIC_examples/images/CA-01_0008383.JPG'",27,20,13,24,35,4,0.9641,0.0136,0.0073,0.0073,0.0021
"334"," b'/Users/mikeytabak/MLWIC_examples/images/CA-01_0008384.JPG'",27,20,35,24,22,1,0.987,0.006,0.0018,0.0016,0.0012
"335"," b'/Users/mikeytabak/MLWIC_examples/images/CA-01_0008385.JPG'",27,20,35,13,24,1,0.9168,0.0461,0.0262,0.0049,0.002
"336"," b'/Users/mikeytabak/MLWIC_examples/images/CA-01_0008386.JPG'",20,20,13,18,1,30,1,0,0,0,0
"337"," b'/Users/mikeytabak/MLWIC_examples/images/CA-01_0008387.JPG'",20,20,1,18,22,11,0.9999,1e-04,0,0,0
"338"," b'/Users/mikeytabak/MLWIC_examples/images/CA-01_0008388.JPG'",20,20,1,11,18,24,1,0,0,0,0
"339"," b'/Users/mikeytabak/MLWIC_examples/images/CA-01_0008389.JPG'",20,20,1,27,24,13,1,0,0,0,0
"340"," b'/Users/mikeytabak/MLWIC_examples/images/CA-01_0008390.JPG'",20,20,1,18,13,23,1,0,0,0,0
"341"," b'/Users/mikeytabak/MLWIC_examples/images/CA-01_0008391.JPG'",21,35,21,24,20,36,0.9993,5e-04,1e-04,1e-04,0
"342"," b'/Users/mikeytabak/MLWIC_examples/images/CA-01_0008392.JPG'",21,35,21,20,24,36,0.9997,2e-04,0,0,0
"343"," b'/Users/mikeytabak/MLWIC_examples/images/CA-01_0008393.JPG'",21,35,21,20,24,36,0.9996,3e-04,0,0,0
"344"," b'/Users/mikeytabak/MLWIC_examples/images/CA-01_0008394.JPG'",21,35,24,20,36,8,1,0,0,0,0
"345"," b'/Users/mikeytabak/MLWIC_examples/images/CA-01_0008395.JPG'",21,35,21,24,36,20,1,0,0,0,0
"346"," b'/Users/mikeytabak/MLWIC_examples/images/CA-01_0008396.JPG'",21,35,21,20,24,36,0.9996,3e-04,0,0,0
"347"," b'/Users/mikeytabak/MLWIC_examples/images/CA-01_0008397.JPG'",21,35,21,36,24,20,1,0,0,0,0
"348"," b'/Users/mikeytabak/MLWIC_examples/images/CA-01_0008398.JPG'",21,35,21,36,20,24,1,0,0,0,0
"349"," b'/Users/mikeytabak/MLWIC_examples/images/CA-01_0008399.JPG'",21,35,21,36,1,20,1,0,0,0,0
"350"," b'/Users/mikeytabak/MLWIC_examples/images/CA-01_0008400.JPG'",21,35,1,20,24,8,0.984,0.0079,0.0042,0.0016,0.001
"351"," b'/Users/mikeytabak/MLWIC_examples/images/CA-01_0008401.JPG'",21,35,21,24,36,20,1,0,0,0,0
"352"," b'/Users/mikeytabak/MLWIC_examples/images/CA-01_0008402.JPG'",21,35,21,8,20,2,0.9948,0.0043,2e-04,2e-04,2e-04
"353"," b'/Users/mikeytabak/MLWIC_examples/images/CA-01_0008403.JPG'",21,35,21,20,36,2,0.9951,0.0039,3e-04,2e-04,2e-04
"354"," b'/Users/mikeytabak/MLWIC_examples/images/CA-01_0008404.JPG'",21,35,21,2,4,20,0.999,9e-04,0,0,0
"355"," b'/Users/mikeytabak/MLWIC_examples/images/CA-01_0008405.JPG'",21,35,21,2,36,20,0.9993,7e-04,0,0,0
"356"," b'/Users/mikeytabak/MLWIC_examples/images/CA-01_0008406.JPG'",11,11,25,24,8,15,0.9844,0.0154,1e-04,0,0
"357"," b'/Users/mikeytabak/MLWIC_examples/images/CA-01_0008407.JPG'",25,11,25,20,24,1,0.9817,0.0182,0,0,0
"358"," b'/Users/mikeytabak/MLWIC_examples/images/CA-01_0008408.JPG'",27,11,35,1,13,21,0.9997,3e-04,0,0,0
"359"," b'/Users/mikeytabak/MLWIC_examples/images/CA-01_0008409.JPG'",11,11,35,1,13,20,0.9997,3e-04,0,0,0
"360"," b'/Users/mikeytabak/MLWIC_examples/images/CA-01_0008410.JPG'",11,11,35,1,13,25,0.9995,5e-04,0,0,0
"361"," b'/Users/mikeytabak/MLWIC_examples/images/CA-01_0008412.JPG'",11,11,1,25,35,13,1,0,0,0,0
"362"," b'/Users/mikeytabak/MLWIC_examples/images/CA-01_0008411.JPG'",11,11,25,1,35,15,1,0,0,0,0
"363"," b'/Users/mikeytabak/MLWIC_examples/images/CA-01_0008414.JPG'",11,11,25,15,20,1,1,0,0,0,0
"364"," b'/Users/mikeytabak/MLWIC_examples/images/CA-01_0008413.JPG'",11,11,13,20,25,15,1,0,0,0,0
"365"," b'/Users/mikeytabak/MLWIC_examples/images/CA-01_0008415.JPG'",11,11,25,13,4,20,1,0,0,0,0
"366"," b'/Users/mikeytabak/MLWIC_examples/images/CA-01_0008416.JPG'",11,11,15,20,1,25,1,0,0,0,0
"367"," b'/Users/mikeytabak/MLWIC_examples/images/CA-01_0008417.JPG'",11,11,20,25,13,24,1,0,0,0,0
"368"," b'/Users/mikeytabak/MLWIC_examples/images/CA-01_0008418.JPG'",11,11,25,27,24,15,1,0,0,0,0
"369"," b'/Users/mikeytabak/MLWIC_examples/images/CA-01_0008419.JPG'",11,11,25,1,15,24,1,0,0,0,0
"370"," b'/Users/mikeytabak/MLWIC_examples/images/CA-01_0008421.JPG'",11,11,1,24,25,27,0.988,0.0079,0.0019,0.0013,3e-04
"371"," b'/Users/mikeytabak/MLWIC_examples/images/CA-01_0008420.JPG'",11,11,35,1,13,21,0.9784,0.021,3e-04,2e-04,1e-04
"372"," b'/Users/mikeytabak/MLWIC_examples/images/CA-01_0008423.JPG'",11,11,1,25,27,13,1,0,0,0,0
"373"," b'/Users/mikeytabak/MLWIC_examples/images/CA-01_0008422.JPG'",11,11,27,25,20,15,0.9999,1e-04,0,0,0
"374"," b'/Users/mikeytabak/MLWIC_examples/images/CA-01_0008425.JPG'",11,11,13,20,1,35,1,0,0,0,0
"375"," b'/Users/mikeytabak/MLWIC_examples/images/CA-01_0008424.JPG'",11,11,13,20,4,1,1,0,0,0,0
"376"," b'/Users/mikeytabak/MLWIC_examples/images/CA-01_0008426.JPG'",11,11,1,20,24,4,0.9855,0.0141,3e-04,1e-04,0
"377"," b'/Users/mikeytabak/MLWIC_examples/images/CA-01_0008427.JPG'",27,11,35,1,13,20,0.9648,0.0258,0.0092,1e-04,1e-04
"378"," b'/Users/mikeytabak/MLWIC_examples/images/CA-01_0008428.JPG'",27,11,35,1,13,21,0.974,0.0173,0.0085,1e-04,1e-04
"379"," b'/Users/mikeytabak/MLWIC_examples/images/CA-01_0008429.JPG'",11,11,35,1,13,20,0.9903,0.0058,0.0038,0,0
"380"," b'/Users/mikeytabak/MLWIC_examples/images/CA-01_0008430.JPG'",27,11,35,1,13,21,0.9774,0.0151,0.0073,1e-04,1e-04
"381"," b'/Users/mikeytabak/MLWIC_examples/images/CA-01_0008432.JPG'",11,11,25,42,5,27,0.9989,0.001,0,0,0
"382"," b'/Users/mikeytabak/MLWIC_examples/images/CA-01_0008431.JPG'",11,11,25,27,42,15,0.9997,3e-04,0,0,0
"383"," b'/Users/mikeytabak/MLWIC_examples/images/CA-01_0008434.JPG'",11,11,25,27,1,24,0.9994,3e-04,1e-04,1e-04,1e-04
"384"," b'/Users/mikeytabak/MLWIC_examples/images/CA-01_0008435.JPG'",11,11,25,18,1,13,0.9984,0.0015,0,0,0
"385"," b'/Users/mikeytabak/MLWIC_examples/images/CA-01_0008433.JPG'",11,11,25,42,24,1,0.9982,0.0018,0,0,0
"386"," b'/Users/mikeytabak/MLWIC_examples/images/CA-01_0008436.JPG'",11,11,15,27,25,41,1,0,0,0,0
